{"01:58:53 04/03/21": 47.339638233184814, "02:05:34 04/03/21": 45.340460538864136, "02:19:18 04/03/21": 30.276200532913208, "02:04:22 04/03/21": 0, "02:05:08 04/03/21": 0, "02:19:37 04/03/21": 0}