{"02:54:52 04/03/21": 107.49846410751343, "02:52:11 04/03/21": 96.25297164916992, "02:51:29 04/03/21": 72.77295565605164, "02:50:24 04/03/21": 17.688727855682373, "02:49:42 04/03/21": 15.139868259429932, "02:48:39 04/03/21": 0}